id;nome;secao;preco;preco_de;disponivel;descricao;foto;link;marca;material
auto-anel-dourado-com-pedra-preta;Anel Dourado com Pedra Preta;Anéis;138,90;172,90;sim;Anel Dourado com Pedra Preta com acabamento em ouro 18k. Peça selecionada à mão pela JS Joias Delicadas: antialérgica, resistente ao dia a dia e pronta para virar sua favorita.;https://jubssaez-art.github.io/js-joias-delicadas/imagens/anel%20dourado%20com%20pedra%20preta.png;https://jubssaez-art.github.io/js-joias-delicadas/produto.html?id=auto-anel-dourado-com-pedra-preta;JS Joias Delicadas;Ouro 18k
auto-anel-dourado-coracao-cravejado;Anel Dourado Coração Cravejado;Anéis;145,90;180,90;sim;Anel Dourado Coração Cravejado com acabamento em ouro 18k. Peça selecionada à mão pela JS Joias Delicadas: antialérgica, resistente ao dia a dia e pronta para virar sua favorita.;https://jubssaez-art.github.io/js-joias-delicadas/imagens/anel%20dourado%20cora%C3%A7%C3%A3o%20cravejado.png;https://jubssaez-art.github.io/js-joias-delicadas/produto.html?id=auto-anel-dourado-coracao-cravejado;JS Joias Delicadas;Ouro 18k
auto-anel-dourado-coracao-de-pedras-azuis;Anel Dourado Coração de Pedras Azuis;Anéis;141,90;175,90;sim;Anel Dourado Coração de Pedras Azuis com acabamento em ouro 18k. Peça selecionada à mão pela JS Joias Delicadas: antialérgica, resistente ao dia a dia e pronta para virar sua favorita.;https://jubssaez-art.github.io/js-joias-delicadas/imagens/anel%20dourado%20cora%C3%A7%C3%A3o%20de%20pedras%20azuis.png;https://jubssaez-art.github.io/js-joias-delicadas/produto.html?id=auto-anel-dourado-coracao-de-pedras-azuis;JS Joias Delicadas;Ouro 18k
auto-anel-dourado-cruz-cravejada;Anel Dourado Cruz Cravejada;Anéis;151,90;188,90;sim;Anel Dourado Cruz Cravejada com acabamento em ouro 18k. Peça selecionada à mão pela JS Joias Delicadas: antialérgica, resistente ao dia a dia e pronta para virar sua favorita.;https://jubssaez-art.github.io/js-joias-delicadas/imagens/anel%20dourado%20cruz%20cravejada.png;https://jubssaez-art.github.io/js-joias-delicadas/produto.html?id=auto-anel-dourado-cruz-cravejada;JS Joias Delicadas;Ouro 18k
auto-anel-dourado-duas-estrelas;Anel Dourado Duas Estrelas;Anéis;125,90;156,90;sim;Anel Dourado Duas Estrelas com acabamento em ouro 18k. Peça selecionada à mão pela JS Joias Delicadas: antialérgica, resistente ao dia a dia e pronta para virar sua favorita.;https://jubssaez-art.github.io/js-joias-delicadas/imagens/anel%20dourado%20duas%20estrelas.png;https://jubssaez-art.github.io/js-joias-delicadas/produto.html?id=auto-anel-dourado-duas-estrelas;JS Joias Delicadas;Ouro 18k
auto-anel-dourado-estrela-do-mar;Anel Dourado Estrela do Mar;Anéis;131,90;163,90;sim;Anel Dourado Estrela do Mar com acabamento em ouro 18k. Peça selecionada à mão pela JS Joias Delicadas: antialérgica, resistente ao dia a dia e pronta para virar sua favorita.;https://jubssaez-art.github.io/js-joias-delicadas/imagens/anel%20dourado%20estrela%20do%20mar.png;https://jubssaez-art.github.io/js-joias-delicadas/produto.html?id=auto-anel-dourado-estrela-do-mar;JS Joias Delicadas;Ouro 18k
auto-anel-dourado-fileira-de-pedras-negras;Anel Dourado Fileira de Pedras Negras;Anéis;138,90;172,90;sim;Anel Dourado Fileira de Pedras Negras com acabamento em ouro 18k. Peça selecionada à mão pela JS Joias Delicadas: antialérgica, resistente ao dia a dia e pronta para virar sua favorita.;https://jubssaez-art.github.io/js-joias-delicadas/imagens/anel%20dourado%20fileira%20de%20pedras%20negras.png;https://jubssaez-art.github.io/js-joias-delicadas/produto.html?id=auto-anel-dourado-fileira-de-pedras-negras;JS Joias Delicadas;Ouro 18k
auto-anel-dourado-flor;Anel Dourado Flor;Anéis;133,90;166,90;sim;Anel Dourado Flor com acabamento em ouro 18k. Peça selecionada à mão pela JS Joias Delicadas: antialérgica, resistente ao dia a dia e pronta para virar sua favorita.;https://jubssaez-art.github.io/js-joias-delicadas/imagens/anel%20dourado%20flor.png;https://jubssaez-art.github.io/js-joias-delicadas/produto.html?id=auto-anel-dourado-flor;JS Joias Delicadas;Ouro 18k
auto-anel-dourado-infinito-com-coracao;Anel Dourado Infinito com Coração;Anéis;137,90;170,90;sim;Anel Dourado Infinito com Coração com acabamento em ouro 18k. Peça selecionada à mão pela JS Joias Delicadas: antialérgica, resistente ao dia a dia e pronta para virar sua favorita.;https://jubssaez-art.github.io/js-joias-delicadas/imagens/anel%20dourado%20infinito%20com%20cora%C3%A7%C3%A3o.png;https://jubssaez-art.github.io/js-joias-delicadas/produto.html?id=auto-anel-dourado-infinito-com-coracao;JS Joias Delicadas;Ouro 18k
auto-anel-dourado-meia-alianca-rosa;Anel Dourado Meia Aliança Rosa;Anéis;117,90;146,90;sim;Anel Dourado Meia Aliança Rosa com acabamento em ouro 18k. Peça selecionada à mão pela JS Joias Delicadas: antialérgica, resistente ao dia a dia e pronta para virar sua favorita.;https://jubssaez-art.github.io/js-joias-delicadas/imagens/anel%20dourado%20meia%20alian%C3%A7a%20rosa.png;https://jubssaez-art.github.io/js-joias-delicadas/produto.html?id=auto-anel-dourado-meia-alianca-rosa;JS Joias Delicadas;Ouro 18k
auto-anel-dourado-no;Anel Dourado nó;Anéis;129,90;161,90;sim;Anel Dourado nó com acabamento em ouro 18k. Peça selecionada à mão pela JS Joias Delicadas: antialérgica, resistente ao dia a dia e pronta para virar sua favorita.;https://jubssaez-art.github.io/js-joias-delicadas/imagens/anel%20dourado%20n%C3%B3.png;https://jubssaez-art.github.io/js-joias-delicadas/produto.html?id=auto-anel-dourado-no;JS Joias Delicadas;Ouro 18k
auto-anel-dourado-pedras-coloridas;Anel Dourado Pedras Coloridas;Anéis;137,90;170,90;sim;Anel Dourado Pedras Coloridas com acabamento em ouro 18k. Peça selecionada à mão pela JS Joias Delicadas: antialérgica, resistente ao dia a dia e pronta para virar sua favorita.;https://jubssaez-art.github.io/js-joias-delicadas/imagens/anel%20dourado%20pedras%20coloridas.png;https://jubssaez-art.github.io/js-joias-delicadas/produto.html?id=auto-anel-dourado-pedras-coloridas;JS Joias Delicadas;Ouro 18k
auto-anel-dourado-trevo-texturizado;Anel Dourado Trevo Texturizado;Anéis;142,90;177,90;sim;Anel Dourado Trevo Texturizado com acabamento em ouro 18k. Peça selecionada à mão pela JS Joias Delicadas: antialérgica, resistente ao dia a dia e pronta para virar sua favorita.;https://jubssaez-art.github.io/js-joias-delicadas/imagens/anel%20dourado%20trevo%20texturizado.png;https://jubssaez-art.github.io/js-joias-delicadas/produto.html?id=auto-anel-dourado-trevo-texturizado;JS Joias Delicadas;Ouro 18k
auto-anel-dourado-trevo-vazado;Anel Dourado Trevo Vazado;Anéis;128,90;159,90;sim;Anel Dourado Trevo Vazado com acabamento em ouro 18k. Peça selecionada à mão pela JS Joias Delicadas: antialérgica, resistente ao dia a dia e pronta para virar sua favorita.;https://jubssaez-art.github.io/js-joias-delicadas/imagens/anel%20dourado%20trevo%20vazado.png;https://jubssaez-art.github.io/js-joias-delicadas/produto.html?id=auto-anel-dourado-trevo-vazado;JS Joias Delicadas;Ouro 18k
auto-anel-prata-abaulado-diamantado;Anel Prata Abaulado Diamantado;Anéis;142,90;177,90;sim;Anel Prata Abaulado Diamantado com acabamento em ródio branco. Peça selecionada à mão pela JS Joias Delicadas: antialérgica, resistente ao dia a dia e pronta para virar sua favorita.;https://jubssaez-art.github.io/js-joias-delicadas/imagens/anel%20prata%20abaulado%20diamantado.png;https://jubssaez-art.github.io/js-joias-delicadas/produto.html?id=auto-anel-prata-abaulado-diamantado;JS Joias Delicadas;Ródio Branco
auto-anel-prata-alianca-dupla-cravejada;Anel Prata Aliança Dupla Cravejada;Anéis;140,90;174,90;sim;Anel Prata Aliança Dupla Cravejada com acabamento em ródio branco. Peça selecionada à mão pela JS Joias Delicadas: antialérgica, resistente ao dia a dia e pronta para virar sua favorita.;https://jubssaez-art.github.io/js-joias-delicadas/imagens/anel%20prata%20alian%C3%A7a%20dupla%20cravejada.png;https://jubssaez-art.github.io/js-joias-delicadas/produto.html?id=auto-anel-prata-alianca-dupla-cravejada;JS Joias Delicadas;Ródio Branco
auto-anel-prata-coracao-cravejado;Anel Prata Coração Cravejado;Anéis;136,90;169,90;sim;Anel Prata Coração Cravejado com acabamento em ródio branco. Peça selecionada à mão pela JS Joias Delicadas: antialérgica, resistente ao dia a dia e pronta para virar sua favorita.;https://jubssaez-art.github.io/js-joias-delicadas/imagens/anel%20prata%20cora%C3%A7%C3%A3o%20cravejado.png;https://jubssaez-art.github.io/js-joias-delicadas/produto.html?id=auto-anel-prata-coracao-cravejado;JS Joias Delicadas;Ródio Branco
auto-anel-prata-coracao-de-cristais;Anel Prata Coração de Cristais;Anéis;132,90;164,90;sim;Anel Prata Coração de Cristais com acabamento em ródio branco. Peça selecionada à mão pela JS Joias Delicadas: antialérgica, resistente ao dia a dia e pronta para virar sua favorita.;https://jubssaez-art.github.io/js-joias-delicadas/imagens/anel%20prata%20cora%C3%A7%C3%A3o%20de%20cristais.png;https://jubssaez-art.github.io/js-joias-delicadas/produto.html?id=auto-anel-prata-coracao-de-cristais;JS Joias Delicadas;Ródio Branco
auto-anel-prata-coracao-liso;Anel Prata Coração Liso;Anéis;110,90;137,90;sim;Anel Prata Coração Liso com acabamento em ródio branco. Peça selecionada à mão pela JS Joias Delicadas: antialérgica, resistente ao dia a dia e pronta para virar sua favorita.;https://jubssaez-art.github.io/js-joias-delicadas/imagens/anel%20prata%20cora%C3%A7%C3%A3o%20liso.png;https://jubssaez-art.github.io/js-joias-delicadas/produto.html?id=auto-anel-prata-coracao-liso;JS Joias Delicadas;Ródio Branco
auto-anel-prata-cravejado-abaulado;Anel Prata Cravejado Abaulado;Anéis;134,90;167,90;sim;Anel Prata Cravejado Abaulado com acabamento em ródio branco. Peça selecionada à mão pela JS Joias Delicadas: antialérgica, resistente ao dia a dia e pronta para virar sua favorita.;https://jubssaez-art.github.io/js-joias-delicadas/imagens/anel%20prata%20cravejado%20abaulado.png;https://jubssaez-art.github.io/js-joias-delicadas/produto.html?id=auto-anel-prata-cravejado-abaulado;JS Joias Delicadas;Ródio Branco
auto-anel-prata-fileira-de-pedras-ovais;Anel Prata Fileira de Pedras Ovais;Anéis;127,90;158,90;sim;Anel Prata Fileira de Pedras Ovais com acabamento em ródio branco. Peça selecionada à mão pela JS Joias Delicadas: antialérgica, resistente ao dia a dia e pronta para virar sua favorita.;https://jubssaez-art.github.io/js-joias-delicadas/imagens/anel%20prata%20fileira%20de%20pedras%20ovais.png;https://jubssaez-art.github.io/js-joias-delicadas/produto.html?id=auto-anel-prata-fileira-de-pedras-ovais;JS Joias Delicadas;Ródio Branco
auto-anel-prata-lua-crescente;Anel Prata Lua Crescente;Anéis;113,90;141,90;sim;Anel Prata Lua Crescente com acabamento em ródio branco. Peça selecionada à mão pela JS Joias Delicadas: antialérgica, resistente ao dia a dia e pronta para virar sua favorita.;https://jubssaez-art.github.io/js-joias-delicadas/imagens/anel%20prata%20lua%20crescente.png;https://jubssaez-art.github.io/js-joias-delicadas/produto.html?id=auto-anel-prata-lua-crescente;JS Joias Delicadas;Ródio Branco
auto-anel-prata-solitario-rosa;Anel Prata Solitário Rosa;Anéis;136,90;169,90;sim;Anel Prata Solitário Rosa com acabamento em ródio branco. Peça selecionada à mão pela JS Joias Delicadas: antialérgica, resistente ao dia a dia e pronta para virar sua favorita.;https://jubssaez-art.github.io/js-joias-delicadas/imagens/anel%20prata%20solit%C3%A1rio%20rosa.png;https://jubssaez-art.github.io/js-joias-delicadas/produto.html?id=auto-anel-prata-solitario-rosa;JS Joias Delicadas;Ródio Branco
auto-argola-dourada-cravejada;Argola Dourada Cravejada;Brincos;122,90;152,90;sim;Argola Dourada Cravejada com acabamento em ouro 18k. Peça selecionada à mão pela JS Joias Delicadas: antialérgica, resistente ao dia a dia e pronta para virar sua favorita.;https://jubssaez-art.github.io/js-joias-delicadas/imagens/argola%20dourada%20cravejada.png;https://jubssaez-art.github.io/js-joias-delicadas/produto.html?id=auto-argola-dourada-cravejada;JS Joias Delicadas;Ouro 18k
auto-argola-dourada-diamantada;Argola Dourada Diamantada;Brincos;106,90;132,90;sim;Argola Dourada Diamantada com acabamento em ouro 18k. Peça selecionada à mão pela JS Joias Delicadas: antialérgica, resistente ao dia a dia e pronta para virar sua favorita.;https://jubssaez-art.github.io/js-joias-delicadas/imagens/argola%20dourada%20diamantada.png;https://jubssaez-art.github.io/js-joias-delicadas/produto.html?id=auto-argola-dourada-diamantada;JS Joias Delicadas;Ouro 18k
auto-argola-dourada-elo-torcido;Argola Dourada Elo Torcido;Brincos;118,90;147,90;sim;Argola Dourada Elo Torcido com acabamento em ouro 18k. Peça selecionada à mão pela JS Joias Delicadas: antialérgica, resistente ao dia a dia e pronta para virar sua favorita.;https://jubssaez-art.github.io/js-joias-delicadas/imagens/argola%20dourada%20elo%20torcido.png;https://jubssaez-art.github.io/js-joias-delicadas/produto.html?id=auto-argola-dourada-elo-torcido;JS Joias Delicadas;Ouro 18k
auto-argola-dourada-lisa;Argola Dourada Lisa;Brincos;87,90;108,90;sim;Argola Dourada Lisa com acabamento em ouro 18k. Peça selecionada à mão pela JS Joias Delicadas: antialérgica, resistente ao dia a dia e pronta para virar sua favorita.;https://jubssaez-art.github.io/js-joias-delicadas/imagens/argola%20dourada%20lisa.png;https://jubssaez-art.github.io/js-joias-delicadas/produto.html?id=auto-argola-dourada-lisa;JS Joias Delicadas;Ouro 18k
auto-argola-dourada-trancada;Argola Dourada Trançada;Brincos;98,90;122,90;sim;Argola Dourada Trançada com acabamento em ouro 18k. Peça selecionada à mão pela JS Joias Delicadas: antialérgica, resistente ao dia a dia e pronta para virar sua favorita.;https://jubssaez-art.github.io/js-joias-delicadas/imagens/argola%20dourada%20tran%C3%A7ada.png;https://jubssaez-art.github.io/js-joias-delicadas/produto.html?id=auto-argola-dourada-trancada;JS Joias Delicadas;Ouro 18k
auto-argola-dourada-trilha-de-cristais;Argola Dourada Trilha de Cristais;Brincos;137,90;170,90;sim;Argola Dourada Trilha de Cristais com acabamento em ouro 18k. Peça selecionada à mão pela JS Joias Delicadas: antialérgica, resistente ao dia a dia e pronta para virar sua favorita.;https://jubssaez-art.github.io/js-joias-delicadas/imagens/argola%20dourada%20trilha%20de%20cristais.png;https://jubssaez-art.github.io/js-joias-delicadas/produto.html?id=auto-argola-dourada-trilha-de-cristais;JS Joias Delicadas;Ouro 18k
auto-argola-prata-cristais-baguete;Argola Prata Cristais Baguete;Brincos;107,90;133,90;sim;Argola Prata Cristais Baguete com acabamento em ródio branco. Peça selecionada à mão pela JS Joias Delicadas: antialérgica, resistente ao dia a dia e pronta para virar sua favorita.;https://jubssaez-art.github.io/js-joias-delicadas/imagens/argola%20prata%20cristais%20baguete.png;https://jubssaez-art.github.io/js-joias-delicadas/produto.html?id=auto-argola-prata-cristais-baguete;JS Joias Delicadas;Ródio Branco
auto-argola-prata-texturizada;Argola Prata Texturizada;Brincos;86,90;107,90;sim;Argola Prata Texturizada com acabamento em ródio branco. Peça selecionada à mão pela JS Joias Delicadas: antialérgica, resistente ao dia a dia e pronta para virar sua favorita.;https://jubssaez-art.github.io/js-joias-delicadas/imagens/argola%20prata%20texturizada.png;https://jubssaez-art.github.io/js-joias-delicadas/produto.html?id=auto-argola-prata-texturizada;JS Joias Delicadas;Ródio Branco
auto-argola-prata-torcida;Argola Prata Torcida;Brincos;97,90;121,90;sim;Argola Prata Torcida com acabamento em ródio branco. Peça selecionada à mão pela JS Joias Delicadas: antialérgica, resistente ao dia a dia e pronta para virar sua favorita.;https://jubssaez-art.github.io/js-joias-delicadas/imagens/argola%20prata%20torcida.png;https://jubssaez-art.github.io/js-joias-delicadas/produto.html?id=auto-argola-prata-torcida;JS Joias Delicadas;Ródio Branco
auto-argola-prata-trancada;Argola Prata Trançada;Brincos;95,90;118,90;sim;Argola Prata Trançada com acabamento em ródio branco. Peça selecionada à mão pela JS Joias Delicadas: antialérgica, resistente ao dia a dia e pronta para virar sua favorita.;https://jubssaez-art.github.io/js-joias-delicadas/imagens/argola%20prata%20tran%C3%A7ada.png;https://jubssaez-art.github.io/js-joias-delicadas/produto.html?id=auto-argola-prata-trancada;JS Joias Delicadas;Ródio Branco
auto-bracelete-prata-liso;Bracelete Prata Liso;Pulseiras;126,90;157,90;sim;Bracelete Prata Liso com acabamento em ródio branco. Peça selecionada à mão pela JS Joias Delicadas: antialérgica, resistente ao dia a dia e pronta para virar sua favorita.;https://jubssaez-art.github.io/js-joias-delicadas/imagens/bracelete%20prata%20liso.png;https://jubssaez-art.github.io/js-joias-delicadas/produto.html?id=auto-bracelete-prata-liso;JS Joias Delicadas;Ródio Branco
auto-brinco-dourado-argolinha-coracao-de-cristal;Brinco Dourado Argolinha Coração de Cristal;Brincos;119,90;148,90;sim;Brinco Dourado Argolinha Coração de Cristal com acabamento em ouro 18k. Peça selecionada à mão pela JS Joias Delicadas: antialérgica, resistente ao dia a dia e pronta para virar sua favorita.;https://jubssaez-art.github.io/js-joias-delicadas/imagens/brinco%20dourado%20argolinha%20cora%C3%A7%C3%A3o%20de%20cristal.png;https://jubssaez-art.github.io/js-joias-delicadas/produto.html?id=auto-brinco-dourado-argolinha-coracao-de-cristal;JS Joias Delicadas;Ouro 18k
auto-brinco-dourado-argolinha-cristais-baguete;Brinco Dourado Argolinha Cristais Baguete;Brincos;107,90;133,90;sim;Brinco Dourado Argolinha Cristais Baguete com acabamento em ouro 18k. Peça selecionada à mão pela JS Joias Delicadas: antialérgica, resistente ao dia a dia e pronta para virar sua favorita.;https://jubssaez-art.github.io/js-joias-delicadas/imagens/brinco%20dourado%20argolinha%20cristais%20baguete.png;https://jubssaez-art.github.io/js-joias-delicadas/produto.html?id=auto-brinco-dourado-argolinha-cristais-baguete;JS Joias Delicadas;Ouro 18k
auto-brinco-dourado-barra;Brinco Dourado Barra;Brincos;95,90;118,90;sim;Brinco Dourado Barra com acabamento em ouro 18k. Peça selecionada à mão pela JS Joias Delicadas: antialérgica, resistente ao dia a dia e pronta para virar sua favorita.;https://jubssaez-art.github.io/js-joias-delicadas/imagens/brinco%20dourado%20barra.png;https://jubssaez-art.github.io/js-joias-delicadas/produto.html?id=auto-brinco-dourado-barra;JS Joias Delicadas;Ouro 18k
auto-brinco-dourado-bolinha-diamantada;Brinco Dourado Bolinha Diamantada;Brincos;107,90;133,90;sim;Brinco Dourado Bolinha Diamantada com acabamento em ouro 18k. Peça selecionada à mão pela JS Joias Delicadas: antialérgica, resistente ao dia a dia e pronta para virar sua favorita.;https://jubssaez-art.github.io/js-joias-delicadas/imagens/brinco%20dourado%20bolinha%20diamantada.png;https://jubssaez-art.github.io/js-joias-delicadas/produto.html?id=auto-brinco-dourado-bolinha-diamantada;JS Joias Delicadas;Ouro 18k
auto-brinco-dourado-botao-de-madreperola;Brinco Dourado Botão de Madrepérola;Brincos;105,90;131,90;sim;Brinco Dourado Botão de Madrepérola com acabamento em ouro 18k. Peça selecionada à mão pela JS Joias Delicadas: antialérgica, resistente ao dia a dia e pronta para virar sua favorita.;https://jubssaez-art.github.io/js-joias-delicadas/imagens/brinco%20dourado%20bot%C3%A3o%20de%20madrep%C3%A9rola.png;https://jubssaez-art.github.io/js-joias-delicadas/produto.html?id=auto-brinco-dourado-botao-de-madreperola;JS Joias Delicadas;Ouro 18k
auto-brinco-dourado-concha;Brinco Dourado Concha;Brincos;100,90;125,90;sim;Brinco Dourado Concha com acabamento em ouro 18k. Peça selecionada à mão pela JS Joias Delicadas: antialérgica, resistente ao dia a dia e pronta para virar sua favorita.;https://jubssaez-art.github.io/js-joias-delicadas/imagens/brinco%20dourado%20concha.png;https://jubssaez-art.github.io/js-joias-delicadas/produto.html?id=auto-brinco-dourado-concha;JS Joias Delicadas;Ouro 18k
auto-brinco-dourado-coqueiro;Brinco Dourado Coqueiro;Brincos;99,90;123,90;sim;Brinco Dourado Coqueiro com acabamento em ouro 18k. Peça selecionada à mão pela JS Joias Delicadas: antialérgica, resistente ao dia a dia e pronta para virar sua favorita.;https://jubssaez-art.github.io/js-joias-delicadas/imagens/brinco%20dourado%20coqueiro.png;https://jubssaez-art.github.io/js-joias-delicadas/produto.html?id=auto-brinco-dourado-coqueiro;JS Joias Delicadas;Ouro 18k
auto-brinco-dourado-coracao-de-madreperola;Brinco Dourado Coração de Madrepérola;Brincos;117,90;146,90;sim;Brinco Dourado Coração de Madrepérola com acabamento em ouro 18k. Peça selecionada à mão pela JS Joias Delicadas: antialérgica, resistente ao dia a dia e pronta para virar sua favorita.;https://jubssaez-art.github.io/js-joias-delicadas/imagens/brinco%20dourado%20cora%C3%A7%C3%A3o%20de%20madrep%C3%A9rola.png;https://jubssaez-art.github.io/js-joias-delicadas/produto.html?id=auto-brinco-dourado-coracao-de-madreperola;JS Joias Delicadas;Ouro 18k
auto-brinco-dourado-coracao-vazado;Brinco Dourado Coração Vazado;Brincos;108,90;135,90;sim;Brinco Dourado Coração Vazado com acabamento em ouro 18k. Peça selecionada à mão pela JS Joias Delicadas: antialérgica, resistente ao dia a dia e pronta para virar sua favorita.;https://jubssaez-art.github.io/js-joias-delicadas/imagens/brinco%20dourado%20cora%C3%A7%C3%A3o%20vazado.png;https://jubssaez-art.github.io/js-joias-delicadas/produto.html?id=auto-brinco-dourado-coracao-vazado;JS Joias Delicadas;Ouro 18k
auto-brinco-dourado-disco-texturizado;Brinco Dourado Disco Texturizado;Brincos;105,90;131,90;sim;Brinco Dourado Disco Texturizado com acabamento em ouro 18k. Peça selecionada à mão pela JS Joias Delicadas: antialérgica, resistente ao dia a dia e pronta para virar sua favorita.;https://jubssaez-art.github.io/js-joias-delicadas/imagens/brinco%20dourado%20disco%20texturizado.png;https://jubssaez-art.github.io/js-joias-delicadas/produto.html?id=auto-brinco-dourado-disco-texturizado;JS Joias Delicadas;Ouro 18k
auto-brinco-dourado-escalada-de-coracoes;Brinco Dourado Escalada de Corações;Brincos;107,90;133,90;sim;Brinco Dourado Escalada de Corações com acabamento em ouro 18k. Peça selecionada à mão pela JS Joias Delicadas: antialérgica, resistente ao dia a dia e pronta para virar sua favorita.;https://jubssaez-art.github.io/js-joias-delicadas/imagens/brinco%20dourado%20escalada%20de%20cora%C3%A7%C3%B5es.png;https://jubssaez-art.github.io/js-joias-delicadas/produto.html?id=auto-brinco-dourado-escalada-de-coracoes;JS Joias Delicadas;Ouro 18k
auto-brinco-dourado-flor-com-pedra-roxa;Brinco Dourado Flor com Pedra Roxa;Brincos;123,90;153,90;sim;Brinco Dourado Flor com Pedra Roxa com acabamento em ouro 18k. Peça selecionada à mão pela JS Joias Delicadas: antialérgica, resistente ao dia a dia e pronta para virar sua favorita.;https://jubssaez-art.github.io/js-joias-delicadas/imagens/brinco%20dourado%20flor%20com%20pedra%20roxa.png;https://jubssaez-art.github.io/js-joias-delicadas/produto.html?id=auto-brinco-dourado-flor-com-pedra-roxa;JS Joias Delicadas;Ouro 18k
auto-brinco-dourado-flor-de-cristais;Brinco Dourado Flor de Cristais;Brincos;120,90;149,90;sim;Brinco Dourado Flor de Cristais com acabamento em ouro 18k. Peça selecionada à mão pela JS Joias Delicadas: antialérgica, resistente ao dia a dia e pronta para virar sua favorita.;https://jubssaez-art.github.io/js-joias-delicadas/imagens/brinco%20dourado%20flor%20de%20cristais.png;https://jubssaez-art.github.io/js-joias-delicadas/produto.html?id=auto-brinco-dourado-flor-de-cristais;JS Joias Delicadas;Ouro 18k
auto-brinco-dourado-flor-de-perolas;Brinco Dourado Flor de Pérolas;Brincos;108,90;135,90;sim;Brinco Dourado Flor de Pérolas com acabamento em ouro 18k. Peça selecionada à mão pela JS Joias Delicadas: antialérgica, resistente ao dia a dia e pronta para virar sua favorita.;https://jubssaez-art.github.io/js-joias-delicadas/imagens/brinco%20dourado%20flor%20de%20p%C3%A9rolas.png;https://jubssaez-art.github.io/js-joias-delicadas/produto.html?id=auto-brinco-dourado-flor-de-perolas;JS Joias Delicadas;Ouro 18k
auto-brinco-dourado-kit-argolinhas;Brinco Dourado Kit Argolinhas;Brincos;103,90;128,90;sim;Brinco Dourado Kit Argolinhas com acabamento em ouro 18k. Peça selecionada à mão pela JS Joias Delicadas: antialérgica, resistente ao dia a dia e pronta para virar sua favorita.;https://jubssaez-art.github.io/js-joias-delicadas/imagens/brinco%20dourado%20kit%20argolinhas.png;https://jubssaez-art.github.io/js-joias-delicadas/produto.html?id=auto-brinco-dourado-kit-argolinhas;JS Joias Delicadas;Ouro 18k
auto-brinco-dourado-laco-com-pedra-azul;Brinco Dourado Laço com Pedra Azul;Brincos;123,90;153,90;sim;Brinco Dourado Laço com Pedra Azul com acabamento em ouro 18k. Peça selecionada à mão pela JS Joias Delicadas: antialérgica, resistente ao dia a dia e pronta para virar sua favorita.;https://jubssaez-art.github.io/js-joias-delicadas/imagens/brinco%20dourado%20la%C3%A7o%20com%20pedra%20azul.png;https://jubssaez-art.github.io/js-joias-delicadas/produto.html?id=auto-brinco-dourado-laco-com-pedra-azul;JS Joias Delicadas;Ouro 18k
auto-brinco-dourado-ponto-de-luz-azul;Brinco Dourado Ponto de Luz Azul;Brincos;98,90;122,90;sim;Brinco Dourado Ponto de Luz Azul com acabamento em ouro 18k. Peça selecionada à mão pela JS Joias Delicadas: antialérgica, resistente ao dia a dia e pronta para virar sua favorita.;https://jubssaez-art.github.io/js-joias-delicadas/imagens/brinco%20dourado%20ponto%20de%20luz%20azul.png;https://jubssaez-art.github.io/js-joias-delicadas/produto.html?id=auto-brinco-dourado-ponto-de-luz-azul;JS Joias Delicadas;Ouro 18k
auto-brinco-dourado-quadrado-de-madreperola;Brinco Dourado Quadrado de Madrepérola;Brincos;111,90;138,90;sim;Brinco Dourado Quadrado de Madrepérola com acabamento em ouro 18k. Peça selecionada à mão pela JS Joias Delicadas: antialérgica, resistente ao dia a dia e pronta para virar sua favorita.;https://jubssaez-art.github.io/js-joias-delicadas/imagens/brinco%20dourado%20quadrado%20de%20madrep%C3%A9rola.png;https://jubssaez-art.github.io/js-joias-delicadas/produto.html?id=auto-brinco-dourado-quadrado-de-madreperola;JS Joias Delicadas;Ouro 18k
auto-brinco-dourado-quadrado-e-circulo-com-pedra-roxa;Brinco Dourado Quadrado e Círculo com Pedra Roxa;Brincos;118,90;147,90;sim;Brinco Dourado Quadrado e Círculo com Pedra Roxa com acabamento em ouro 18k. Peça selecionada à mão pela JS Joias Delicadas: antialérgica, resistente ao dia a dia e pronta para virar sua favorita.;https://jubssaez-art.github.io/js-joias-delicadas/imagens/brinco%20dourado%20quadrado%20e%20c%C3%ADrculo%20com%20pedra%20roxa.png;https://jubssaez-art.github.io/js-joias-delicadas/produto.html?id=auto-brinco-dourado-quadrado-e-circulo-com-pedra-roxa;JS Joias Delicadas;Ouro 18k
auto-brinco-dourado-quadrado-preto;Brinco Dourado Quadrado Preto;Brincos;101,90;126,90;sim;Brinco Dourado Quadrado Preto com acabamento em ouro 18k. Peça selecionada à mão pela JS Joias Delicadas: antialérgica, resistente ao dia a dia e pronta para virar sua favorita.;https://jubssaez-art.github.io/js-joias-delicadas/imagens/brinco%20dourado%20quadrado%20preto.png;https://jubssaez-art.github.io/js-joias-delicadas/produto.html?id=auto-brinco-dourado-quadrado-preto;JS Joias Delicadas;Ouro 18k
auto-brinco-dourado-quadrado-vazado;Brinco Dourado Quadrado Vazado;Brincos;100,90;125,90;sim;Brinco Dourado Quadrado Vazado com acabamento em ouro 18k. Peça selecionada à mão pela JS Joias Delicadas: antialérgica, resistente ao dia a dia e pronta para virar sua favorita.;https://jubssaez-art.github.io/js-joias-delicadas/imagens/brinco%20dourado%20quadrado%20vazado.png;https://jubssaez-art.github.io/js-joias-delicadas/produto.html?id=auto-brinco-dourado-quadrado-vazado;JS Joias Delicadas;Ouro 18k
auto-brinco-prata-argola-coracao-vazado;Brinco Prata Argola Coração Vazado;Brincos;95,90;118,90;sim;Brinco Prata Argola Coração Vazado com acabamento em ródio branco. Peça selecionada à mão pela JS Joias Delicadas: antialérgica, resistente ao dia a dia e pronta para virar sua favorita.;https://jubssaez-art.github.io/js-joias-delicadas/imagens/brinco%20prata%20argola%20cora%C3%A7%C3%A3o%20vazado.png;https://jubssaez-art.github.io/js-joias-delicadas/produto.html?id=auto-brinco-prata-argola-coracao-vazado;JS Joias Delicadas;Ródio Branco
auto-brinco-prata-argola-de-fios;Brinco Prata Argola de Fios;Brincos;83,90;104,90;sim;Brinco Prata Argola de Fios com acabamento em ródio branco. Peça selecionada à mão pela JS Joias Delicadas: antialérgica, resistente ao dia a dia e pronta para virar sua favorita.;https://jubssaez-art.github.io/js-joias-delicadas/imagens/brinco%20prata%20argola%20de%20fios.png;https://jubssaez-art.github.io/js-joias-delicadas/produto.html?id=auto-brinco-prata-argola-de-fios;JS Joias Delicadas;Ródio Branco
auto-brinco-prata-argolinha-com-ponto-de-luz;Brinco Prata Argolinha com Ponto de Luz;Brincos;85,90;106,90;sim;Brinco Prata Argolinha com Ponto de Luz com acabamento em ródio branco. Peça selecionada à mão pela JS Joias Delicadas: antialérgica, resistente ao dia a dia e pronta para virar sua favorita.;https://jubssaez-art.github.io/js-joias-delicadas/imagens/brinco%20prata%20argolinha%20com%20ponto%20de%20luz.png;https://jubssaez-art.github.io/js-joias-delicadas/produto.html?id=auto-brinco-prata-argolinha-com-ponto-de-luz;JS Joias Delicadas;Ródio Branco
auto-brinco-prata-argolinha-coracao;Brinco Prata Argolinha Coração;Brincos;100,90;125,90;sim;Brinco Prata Argolinha Coração com acabamento em ródio branco. Peça selecionada à mão pela JS Joias Delicadas: antialérgica, resistente ao dia a dia e pronta para virar sua favorita.;https://jubssaez-art.github.io/js-joias-delicadas/imagens/brinco%20prata%20argolinha%20cora%C3%A7%C3%A3o.png;https://jubssaez-art.github.io/js-joias-delicadas/produto.html?id=auto-brinco-prata-argolinha-coracao;JS Joias Delicadas;Ródio Branco
auto-brinco-prata-argolinha-facetada;Brinco Prata Argolinha Facetada;Brincos;105,90;131,90;sim;Brinco Prata Argolinha Facetada com acabamento em ródio branco. Peça selecionada à mão pela JS Joias Delicadas: antialérgica, resistente ao dia a dia e pronta para virar sua favorita.;https://jubssaez-art.github.io/js-joias-delicadas/imagens/brinco%20prata%20argolinha%20facetada.png;https://jubssaez-art.github.io/js-joias-delicadas/produto.html?id=auto-brinco-prata-argolinha-facetada;JS Joias Delicadas;Ródio Branco
auto-brinco-prata-argolinha-v-cravejada;Brinco Prata Argolinha V Cravejada;Brincos;111,90;138,90;sim;Brinco Prata Argolinha V Cravejada com acabamento em ródio branco. Peça selecionada à mão pela JS Joias Delicadas: antialérgica, resistente ao dia a dia e pronta para virar sua favorita.;https://jubssaez-art.github.io/js-joias-delicadas/imagens/brinco%20prata%20argolinha%20V%20cravejada.png;https://jubssaez-art.github.io/js-joias-delicadas/produto.html?id=auto-brinco-prata-argolinha-v-cravejada;JS Joias Delicadas;Ródio Branco
auto-brinco-prata-barra-torcida;Brinco Prata Barra Torcida;Brincos;79,90;99,90;sim;Brinco Prata Barra Torcida com acabamento em ródio branco. Peça selecionada à mão pela JS Joias Delicadas: antialérgica, resistente ao dia a dia e pronta para virar sua favorita.;https://jubssaez-art.github.io/js-joias-delicadas/imagens/brinco%20prata%20barra%20torcida.png;https://jubssaez-art.github.io/js-joias-delicadas/produto.html?id=auto-brinco-prata-barra-torcida;JS Joias Delicadas;Ródio Branco
auto-brinco-prata-bolinha;Brinco Prata Bolinha;Brincos;74,90;92,90;sim;Brinco Prata Bolinha com acabamento em ródio branco. Peça selecionada à mão pela JS Joias Delicadas: antialérgica, resistente ao dia a dia e pronta para virar sua favorita.;https://jubssaez-art.github.io/js-joias-delicadas/imagens/brinco%20prata%20bolinha.png;https://jubssaez-art.github.io/js-joias-delicadas/produto.html?id=auto-brinco-prata-bolinha;JS Joias Delicadas;Ródio Branco
auto-brinco-prata-circulo-de-perolas;Brinco Prata Círculo de Pérolas;Brincos;104,90;130,90;sim;Brinco Prata Círculo de Pérolas com acabamento em ródio branco. Peça selecionada à mão pela JS Joias Delicadas: antialérgica, resistente ao dia a dia e pronta para virar sua favorita.;https://jubssaez-art.github.io/js-joias-delicadas/imagens/brinco%20prata%20c%C3%ADrculo%20de%20p%C3%A9rolas.png;https://jubssaez-art.github.io/js-joias-delicadas/produto.html?id=auto-brinco-prata-circulo-de-perolas;JS Joias Delicadas;Ródio Branco
auto-brinco-prata-coracao-com-perola;Brinco Prata Coração com Pérola;Brincos;103,90;128,90;sim;Brinco Prata Coração com Pérola com acabamento em ródio branco. Peça selecionada à mão pela JS Joias Delicadas: antialérgica, resistente ao dia a dia e pronta para virar sua favorita.;https://jubssaez-art.github.io/js-joias-delicadas/imagens/brinco%20prata%20cora%C3%A7%C3%A3o%20com%20p%C3%A9rola.png;https://jubssaez-art.github.io/js-joias-delicadas/produto.html?id=auto-brinco-prata-coracao-com-perola;JS Joias Delicadas;Ródio Branco
auto-brinco-prata-coracao-vazado;Brinco Prata Coração Vazado;Brincos;94,90;117,90;sim;Brinco Prata Coração Vazado com acabamento em ródio branco. Peça selecionada à mão pela JS Joias Delicadas: antialérgica, resistente ao dia a dia e pronta para virar sua favorita.;https://jubssaez-art.github.io/js-joias-delicadas/imagens/brinco%20prata%20cora%C3%A7%C3%A3o%20vazado.png;https://jubssaez-art.github.io/js-joias-delicadas/produto.html?id=auto-brinco-prata-coracao-vazado;JS Joias Delicadas;Ródio Branco
auto-brinco-prata-cristais-baguete;Brinco Prata Cristais Baguete;Brincos;110,90;137,90;sim;Brinco Prata Cristais Baguete com acabamento em ródio branco. Peça selecionada à mão pela JS Joias Delicadas: antialérgica, resistente ao dia a dia e pronta para virar sua favorita.;https://jubssaez-art.github.io/js-joias-delicadas/imagens/brinco%20prata%20cristais%20baguete.png;https://jubssaez-art.github.io/js-joias-delicadas/produto.html?id=auto-brinco-prata-cristais-baguete;JS Joias Delicadas;Ródio Branco
auto-brinco-prata-cruz-cravejada;Brinco Prata Cruz Cravejada;Brincos;124,90;154,90;sim;Brinco Prata Cruz Cravejada com acabamento em ródio branco. Peça selecionada à mão pela JS Joias Delicadas: antialérgica, resistente ao dia a dia e pronta para virar sua favorita.;https://jubssaez-art.github.io/js-joias-delicadas/imagens/brinco%20prata%20cruz%20cravejada.png;https://jubssaez-art.github.io/js-joias-delicadas/produto.html?id=auto-brinco-prata-cruz-cravejada;JS Joias Delicadas;Ródio Branco
auto-brinco-prata-espiral-cravejada;Brinco Prata Espiral Cravejada;Brincos;123,90;153,90;sim;Brinco Prata Espiral Cravejada com acabamento em ródio branco. Peça selecionada à mão pela JS Joias Delicadas: antialérgica, resistente ao dia a dia e pronta para virar sua favorita.;https://jubssaez-art.github.io/js-joias-delicadas/imagens/brinco%20prata%20espiral%20cravejada.png;https://jubssaez-art.github.io/js-joias-delicadas/produto.html?id=auto-brinco-prata-espiral-cravejada;JS Joias Delicadas;Ródio Branco
auto-brinco-prata-gota-azul;Brinco Prata Gota Azul;Brincos;108,90;135,90;sim;Brinco Prata Gota Azul com acabamento em ródio branco. Peça selecionada à mão pela JS Joias Delicadas: antialérgica, resistente ao dia a dia e pronta para virar sua favorita.;https://jubssaez-art.github.io/js-joias-delicadas/imagens/brinco%20prata%20gota%20azul.png;https://jubssaez-art.github.io/js-joias-delicadas/produto.html?id=auto-brinco-prata-gota-azul;JS Joias Delicadas;Ródio Branco
auto-brinco-prata-gota-de-cristal;Brinco Prata Gota de Cristal;Brincos;102,90;127,90;sim;Brinco Prata Gota de Cristal com acabamento em ródio branco. Peça selecionada à mão pela JS Joias Delicadas: antialérgica, resistente ao dia a dia e pronta para virar sua favorita.;https://jubssaez-art.github.io/js-joias-delicadas/imagens/brinco%20prata%20gota%20de%20cristal.png;https://jubssaez-art.github.io/js-joias-delicadas/produto.html?id=auto-brinco-prata-gota-de-cristal;JS Joias Delicadas;Ródio Branco
auto-brinco-prata-gota-rosa;Brinco Prata Gota Rosa;Brincos;109,90;136,90;sim;Brinco Prata Gota Rosa com acabamento em ródio branco. Peça selecionada à mão pela JS Joias Delicadas: antialérgica, resistente ao dia a dia e pronta para virar sua favorita.;https://jubssaez-art.github.io/js-joias-delicadas/imagens/brinco%20prata%20gota%20rosa.png;https://jubssaez-art.github.io/js-joias-delicadas/produto.html?id=auto-brinco-prata-gota-rosa;JS Joias Delicadas;Ródio Branco
auto-brinco-prata-kit-argolinhas-abauladas;Brinco Prata Kit Argolinhas Abauladas;Brincos;102,90;127,90;sim;Brinco Prata Kit Argolinhas Abauladas com acabamento em ródio branco. Peça selecionada à mão pela JS Joias Delicadas: antialérgica, resistente ao dia a dia e pronta para virar sua favorita.;https://jubssaez-art.github.io/js-joias-delicadas/imagens/brinco%20prata%20kit%20argolinhas%20abauladas.png;https://jubssaez-art.github.io/js-joias-delicadas/produto.html?id=auto-brinco-prata-kit-argolinhas-abauladas;JS Joias Delicadas;Ródio Branco
auto-brinco-prata-lua-martelada;Brinco Prata Lua Martelada;Brincos;108,90;135,90;sim;Brinco Prata Lua Martelada com acabamento em ródio branco. Peça selecionada à mão pela JS Joias Delicadas: antialérgica, resistente ao dia a dia e pronta para virar sua favorita.;https://jubssaez-art.github.io/js-joias-delicadas/imagens/brinco%20prata%20lua%20martelada.png;https://jubssaez-art.github.io/js-joias-delicadas/produto.html?id=auto-brinco-prata-lua-martelada;JS Joias Delicadas;Ródio Branco
auto-brinco-prata-navete-com-pedra-rosa;Brinco Prata Navete com Pedra Rosa;Brincos;104,90;130,90;sim;Brinco Prata Navete com Pedra Rosa com acabamento em ródio branco. Peça selecionada à mão pela JS Joias Delicadas: antialérgica, resistente ao dia a dia e pronta para virar sua favorita.;https://jubssaez-art.github.io/js-joias-delicadas/imagens/brinco%20prata%20navete%20com%20pedra%20rosa.png;https://jubssaez-art.github.io/js-joias-delicadas/produto.html?id=auto-brinco-prata-navete-com-pedra-rosa;JS Joias Delicadas;Ródio Branco
auto-brinco-prata-ovais-escovados;Brinco Prata Ovais Escovados;Brincos;98,90;122,90;sim;Brinco Prata Ovais Escovados com acabamento em ródio branco. Peça selecionada à mão pela JS Joias Delicadas: antialérgica, resistente ao dia a dia e pronta para virar sua favorita.;https://jubssaez-art.github.io/js-joias-delicadas/imagens/brinco%20prata%20ovais%20escovados.png;https://jubssaez-art.github.io/js-joias-delicadas/produto.html?id=auto-brinco-prata-ovais-escovados;JS Joias Delicadas;Ródio Branco
auto-brinco-prata-patinha;Brinco Prata Patinha;Brincos;91,90;113,90;sim;Brinco Prata Patinha com acabamento em ródio branco. Peça selecionada à mão pela JS Joias Delicadas: antialérgica, resistente ao dia a dia e pronta para virar sua favorita.;https://jubssaez-art.github.io/js-joias-delicadas/imagens/brinco%20prata%20patinha.png;https://jubssaez-art.github.io/js-joias-delicadas/produto.html?id=auto-brinco-prata-patinha;JS Joias Delicadas;Ródio Branco
auto-brinco-prata-perola-botao;Brinco Prata Pérola Botão;Brincos;91,90;113,90;sim;Brinco Prata Pérola Botão com acabamento em ródio branco. Peça selecionada à mão pela JS Joias Delicadas: antialérgica, resistente ao dia a dia e pronta para virar sua favorita.;https://jubssaez-art.github.io/js-joias-delicadas/imagens/brinco%20prata%20p%C3%A9rola%20bot%C3%A3o.png;https://jubssaez-art.github.io/js-joias-delicadas/produto.html?id=auto-brinco-prata-perola-botao;JS Joias Delicadas;Ródio Branco
auto-brinco-prata-perola-cravejada;Brinco Prata Pérola Cravejada;Brincos;122,90;152,90;sim;Brinco Prata Pérola Cravejada com acabamento em ródio branco. Peça selecionada à mão pela JS Joias Delicadas: antialérgica, resistente ao dia a dia e pronta para virar sua favorita.;https://jubssaez-art.github.io/js-joias-delicadas/imagens/brinco%20prata%20p%C3%A9rola%20cravejada.png;https://jubssaez-art.github.io/js-joias-delicadas/produto.html?id=auto-brinco-prata-perola-cravejada;JS Joias Delicadas;Ródio Branco
auto-brinco-prata-perola-pendente;Brinco Prata Pérola Pendente;Brincos;103,90;128,90;sim;Brinco Prata Pérola Pendente com acabamento em ródio branco. Peça selecionada à mão pela JS Joias Delicadas: antialérgica, resistente ao dia a dia e pronta para virar sua favorita.;https://jubssaez-art.github.io/js-joias-delicadas/imagens/brinco%20prata%20p%C3%A9rola%20pendente.png;https://jubssaez-art.github.io/js-joias-delicadas/produto.html?id=auto-brinco-prata-perola-pendente;JS Joias Delicadas;Ródio Branco
auto-brinco-prata-pomba;Brinco Prata Pomba;Brincos;99,90;123,90;sim;Brinco Prata Pomba com acabamento em ródio branco. Peça selecionada à mão pela JS Joias Delicadas: antialérgica, resistente ao dia a dia e pronta para virar sua favorita.;https://jubssaez-art.github.io/js-joias-delicadas/imagens/brinco%20prata%20pomba.png;https://jubssaez-art.github.io/js-joias-delicadas/produto.html?id=auto-brinco-prata-pomba;JS Joias Delicadas;Ródio Branco
auto-brinco-prata-ponto-de-luz-champanhe;Brinco Prata Ponto de Luz Champanhe;Brincos;85,90;106,90;sim;Brinco Prata Ponto de Luz Champanhe com acabamento em ródio branco. Peça selecionada à mão pela JS Joias Delicadas: antialérgica, resistente ao dia a dia e pronta para virar sua favorita.;https://jubssaez-art.github.io/js-joias-delicadas/imagens/brinco%20prata%20ponto%20de%20luz%20champanhe.png;https://jubssaez-art.github.io/js-joias-delicadas/produto.html?id=auto-brinco-prata-ponto-de-luz-champanhe;JS Joias Delicadas;Ródio Branco
auto-brinco-prata-ponto-de-luz-coroa;Brinco Prata Ponto de Luz Coroa;Brincos;89,90;111,90;sim;Brinco Prata Ponto de Luz Coroa com acabamento em ródio branco. Peça selecionada à mão pela JS Joias Delicadas: antialérgica, resistente ao dia a dia e pronta para virar sua favorita.;https://jubssaez-art.github.io/js-joias-delicadas/imagens/brinco%20prata%20ponto%20de%20luz%20coroa.png;https://jubssaez-art.github.io/js-joias-delicadas/produto.html?id=auto-brinco-prata-ponto-de-luz-coroa;JS Joias Delicadas;Ródio Branco
auto-brinco-prata-ponto-de-luz-preto;Brinco Prata Ponto de Luz Preto;Brincos;80,90;100,90;sim;Brinco Prata Ponto de Luz Preto com acabamento em ródio branco. Peça selecionada à mão pela JS Joias Delicadas: antialérgica, resistente ao dia a dia e pronta para virar sua favorita.;https://jubssaez-art.github.io/js-joias-delicadas/imagens/brinco%20prata%20ponto%20de%20luz%20preto.png;https://jubssaez-art.github.io/js-joias-delicadas/produto.html?id=auto-brinco-prata-ponto-de-luz-preto;JS Joias Delicadas;Ródio Branco
auto-brinco-prata-ponto-de-luz-vermelho;Brinco Prata Ponto de Luz Vermelho;Brincos;78,90;97,90;sim;Brinco Prata Ponto de Luz Vermelho com acabamento em ródio branco. Peça selecionada à mão pela JS Joias Delicadas: antialérgica, resistente ao dia a dia e pronta para virar sua favorita.;https://jubssaez-art.github.io/js-joias-delicadas/imagens/brinco%20prata%20ponto%20de%20luz%20vermelho.png;https://jubssaez-art.github.io/js-joias-delicadas/produto.html?id=auto-brinco-prata-ponto-de-luz-vermelho;JS Joias Delicadas;Ródio Branco
auto-brinco-prata-ponto-de-luz;Brinco Prata Ponto de Luz;Brincos;71,90;89,90;sim;Brinco Prata Ponto de Luz com acabamento em ródio branco. Peça selecionada à mão pela JS Joias Delicadas: antialérgica, resistente ao dia a dia e pronta para virar sua favorita.;https://jubssaez-art.github.io/js-joias-delicadas/imagens/brinco%20prata%20ponto%20de%20luz.png;https://jubssaez-art.github.io/js-joias-delicadas/produto.html?id=auto-brinco-prata-ponto-de-luz;JS Joias Delicadas;Ródio Branco
auto-brinco-prata-quadrado-vazado;Brinco Prata Quadrado Vazado;Brincos;91,90;113,90;sim;Brinco Prata Quadrado Vazado com acabamento em ródio branco. Peça selecionada à mão pela JS Joias Delicadas: antialérgica, resistente ao dia a dia e pronta para virar sua favorita.;https://jubssaez-art.github.io/js-joias-delicadas/imagens/brinco%20prata%20quadrado%20vazado.png;https://jubssaez-art.github.io/js-joias-delicadas/produto.html?id=auto-brinco-prata-quadrado-vazado;JS Joias Delicadas;Ródio Branco
auto-brinco-prata-trevo-preto;Brinco Prata Trevo Preto;Brincos;101,90;126,90;sim;Brinco Prata Trevo Preto com acabamento em ródio branco. Peça selecionada à mão pela JS Joias Delicadas: antialérgica, resistente ao dia a dia e pronta para virar sua favorita.;https://jubssaez-art.github.io/js-joias-delicadas/imagens/brinco%20prata%20trevo%20preto.png;https://jubssaez-art.github.io/js-joias-delicadas/produto.html?id=auto-brinco-prata-trevo-preto;JS Joias Delicadas;Ródio Branco
auto-colar-dourado-bolinhas-marteladas;Colar Dourado Bolinhas Marteladas;Colares;141,90;175,90;sim;Colar Dourado Bolinhas Marteladas com acabamento em ouro 18k. Peça selecionada à mão pela JS Joias Delicadas: antialérgica, resistente ao dia a dia e pronta para virar sua favorita.;https://jubssaez-art.github.io/js-joias-delicadas/imagens/colar%20dourado%20bolinhas%20marteladas.png;https://jubssaez-art.github.io/js-joias-delicadas/produto.html?id=auto-colar-dourado-bolinhas-marteladas;JS Joias Delicadas;Ouro 18k
auto-colar-dourado-coracao-vazado;Colar Dourado Coração Vazado;Colares;151,90;188,90;sim;Colar Dourado Coração Vazado com acabamento em ouro 18k. Peça selecionada à mão pela JS Joias Delicadas: antialérgica, resistente ao dia a dia e pronta para virar sua favorita.;https://jubssaez-art.github.io/js-joias-delicadas/imagens/colar%20dourado%20cora%C3%A7%C3%A3o%20vazado.png;https://jubssaez-art.github.io/js-joias-delicadas/produto.html?id=auto-colar-dourado-coracao-vazado;JS Joias Delicadas;Ouro 18k
auto-colar-dourado-flor-de-cristais-baguete;Colar Dourado Flor de Cristais Baguete;Colares;157,90;195,90;sim;Colar Dourado Flor de Cristais Baguete com acabamento em ouro 18k. Peça selecionada à mão pela JS Joias Delicadas: antialérgica, resistente ao dia a dia e pronta para virar sua favorita.;https://jubssaez-art.github.io/js-joias-delicadas/imagens/colar%20dourado%20flor%20de%20cristais%20baguete.png;https://jubssaez-art.github.io/js-joias-delicadas/produto.html?id=auto-colar-dourado-flor-de-cristais-baguete;JS Joias Delicadas;Ouro 18k
auto-colar-dourado-laco-de-cristais;Colar Dourado Laço de Cristais;Colares;165,90;205,90;sim;Colar Dourado Laço de Cristais com acabamento em ouro 18k. Peça selecionada à mão pela JS Joias Delicadas: antialérgica, resistente ao dia a dia e pronta para virar sua favorita.;https://jubssaez-art.github.io/js-joias-delicadas/imagens/colar%20dourado%20la%C3%A7o%20de%20cristais.png;https://jubssaez-art.github.io/js-joias-delicadas/produto.html?id=auto-colar-dourado-laco-de-cristais;JS Joias Delicadas;Ouro 18k
auto-colar-dourado-libelula;Colar Dourado Libélula;Colares;155,90;193,90;sim;Colar Dourado Libélula com acabamento em ouro 18k. Peça selecionada à mão pela JS Joias Delicadas: antialérgica, resistente ao dia a dia e pronta para virar sua favorita.;https://jubssaez-art.github.io/js-joias-delicadas/imagens/colar%20dourado%20lib%C3%A9lula.png;https://jubssaez-art.github.io/js-joias-delicadas/produto.html?id=auto-colar-dourado-libelula;JS Joias Delicadas;Ouro 18k
auto-colar-dourado-lua-cravejada;Colar Dourado Lua Cravejada;Colares;168,90;209,90;sim;Colar Dourado Lua Cravejada com acabamento em ouro 18k. Peça selecionada à mão pela JS Joias Delicadas: antialérgica, resistente ao dia a dia e pronta para virar sua favorita.;https://jubssaez-art.github.io/js-joias-delicadas/imagens/colar%20dourado%20lua%20cravejada.png;https://jubssaez-art.github.io/js-joias-delicadas/produto.html?id=auto-colar-dourado-lua-cravejada;JS Joias Delicadas;Ouro 18k
auto-colar-dourado-nossa-senhora-aparecida;Colar Dourado Nossa Senhora Aparecida;Colares;149,90;185,90;sim;Colar Dourado Nossa Senhora Aparecida com acabamento em ouro 18k. Peça selecionada à mão pela JS Joias Delicadas: antialérgica, resistente ao dia a dia e pronta para virar sua favorita.;https://jubssaez-art.github.io/js-joias-delicadas/imagens/colar%20dourado%20nossa%20senhora%20aparecida.png;https://jubssaez-art.github.io/js-joias-delicadas/produto.html?id=auto-colar-dourado-nossa-senhora-aparecida;JS Joias Delicadas;Ouro 18k
auto-colar-dourado-pingente-olho-grego;Colar Dourado Pingente Olho Grego;Colares;151,90;188,90;sim;Colar Dourado Pingente Olho Grego com acabamento em ouro 18k. Peça selecionada à mão pela JS Joias Delicadas: antialérgica, resistente ao dia a dia e pronta para virar sua favorita.;https://jubssaez-art.github.io/js-joias-delicadas/imagens/colar%20dourado%20pingente%20olho%20grego.png;https://jubssaez-art.github.io/js-joias-delicadas/produto.html?id=auto-colar-dourado-pingente-olho-grego;JS Joias Delicadas;Ouro 18k
auto-colar-dourado-trevo-verde;Colar Dourado Trevo Verde;Colares;154,90;192,90;sim;Colar Dourado Trevo Verde com acabamento em ouro 18k. Peça selecionada à mão pela JS Joias Delicadas: antialérgica, resistente ao dia a dia e pronta para virar sua favorita.;https://jubssaez-art.github.io/js-joias-delicadas/imagens/colar%20dourado%20trevo%20verde.png;https://jubssaez-art.github.io/js-joias-delicadas/produto.html?id=auto-colar-dourado-trevo-verde;JS Joias Delicadas;Ouro 18k
auto-colar-prata-arvore-da-vida;Colar Prata Árvore da Vida;Colares;141,90;175,90;sim;Colar Prata Árvore da Vida com acabamento em ródio branco. Peça selecionada à mão pela JS Joias Delicadas: antialérgica, resistente ao dia a dia e pronta para virar sua favorita.;https://jubssaez-art.github.io/js-joias-delicadas/imagens/colar%20prata%20%C3%A1rvore%20da%20vida.png;https://jubssaez-art.github.io/js-joias-delicadas/produto.html?id=auto-colar-prata-arvore-da-vida;JS Joias Delicadas;Ródio Branco
auto-colar-prata-borboletas-e-flores;Colar Prata Borboletas e Flores;Colares;142,90;177,90;sim;Colar Prata Borboletas e Flores com acabamento em ródio branco. Peça selecionada à mão pela JS Joias Delicadas: antialérgica, resistente ao dia a dia e pronta para virar sua favorita.;https://jubssaez-art.github.io/js-joias-delicadas/imagens/colar%20prata%20borboletas%20e%20flores.png;https://jubssaez-art.github.io/js-joias-delicadas/produto.html?id=auto-colar-prata-borboletas-e-flores;JS Joias Delicadas;Ródio Branco
auto-colar-prata-chuveiro-de-perolas;Colar Prata Chuveiro de Pérolas;Colares;162,90;201,90;sim;Colar Prata Chuveiro de Pérolas com acabamento em ródio branco. Peça selecionada à mão pela JS Joias Delicadas: antialérgica, resistente ao dia a dia e pronta para virar sua favorita.;https://jubssaez-art.github.io/js-joias-delicadas/imagens/colar%20prata%20chuveiro%20de%20p%C3%A9rolas.png;https://jubssaez-art.github.io/js-joias-delicadas/produto.html?id=auto-colar-prata-chuveiro-de-perolas;JS Joias Delicadas;Ródio Branco
auto-colar-prata-chuveiro-verde;Colar Prata Chuveiro Verde;Colares;162,90;201,90;sim;Colar Prata Chuveiro Verde com acabamento em ródio branco. Peça selecionada à mão pela JS Joias Delicadas: antialérgica, resistente ao dia a dia e pronta para virar sua favorita.;https://jubssaez-art.github.io/js-joias-delicadas/imagens/colar%20prata%20chuveiro%20verde.png;https://jubssaez-art.github.io/js-joias-delicadas/produto.html?id=auto-colar-prata-chuveiro-verde;JS Joias Delicadas;Ródio Branco
auto-colar-prata-coracao-cravejado;Colar Prata Coração Cravejado;Colares;155,90;193,90;sim;Colar Prata Coração Cravejado com acabamento em ródio branco. Peça selecionada à mão pela JS Joias Delicadas: antialérgica, resistente ao dia a dia e pronta para virar sua favorita.;https://jubssaez-art.github.io/js-joias-delicadas/imagens/colar%20prata%20cora%C3%A7%C3%A3o%20cravejado.png;https://jubssaez-art.github.io/js-joias-delicadas/produto.html?id=auto-colar-prata-coracao-cravejado;JS Joias Delicadas;Ródio Branco
auto-colar-prata-coracao-de-filigrana;Colar Prata Coração de Filigrana;Colares;161,90;200,90;sim;Colar Prata Coração de Filigrana com acabamento em ródio branco. Peça selecionada à mão pela JS Joias Delicadas: antialérgica, resistente ao dia a dia e pronta para virar sua favorita.;https://jubssaez-art.github.io/js-joias-delicadas/imagens/colar%20prata%20cora%C3%A7%C3%A3o%20de%20filigrana.png;https://jubssaez-art.github.io/js-joias-delicadas/produto.html?id=auto-colar-prata-coracao-de-filigrana;JS Joias Delicadas;Ródio Branco
auto-colar-prata-coracao-liso;Colar Prata Coração Liso;Colares;131,90;163,90;sim;Colar Prata Coração Liso com acabamento em ródio branco. Peça selecionada à mão pela JS Joias Delicadas: antialérgica, resistente ao dia a dia e pronta para virar sua favorita.;https://jubssaez-art.github.io/js-joias-delicadas/imagens/colar%20prata%20cora%C3%A7%C3%A3o%20liso.png;https://jubssaez-art.github.io/js-joias-delicadas/produto.html?id=auto-colar-prata-coracao-liso;JS Joias Delicadas;Ródio Branco
auto-colar-prata-cordao-baiano;Colar Prata Cordão Baiano;Colares;153,90;190,90;sim;Colar Prata Cordão Baiano com acabamento em ródio branco. Peça selecionada à mão pela JS Joias Delicadas: antialérgica, resistente ao dia a dia e pronta para virar sua favorita.;https://jubssaez-art.github.io/js-joias-delicadas/imagens/colar%20prata%20cord%C3%A3o%20baiano.png;https://jubssaez-art.github.io/js-joias-delicadas/produto.html?id=auto-colar-prata-cordao-baiano;JS Joias Delicadas;Ródio Branco
auto-colar-prata-medalhas-e-cristais;Colar Prata Medalhas e Cristais;Colares;150,90;187,90;sim;Colar Prata Medalhas e Cristais com acabamento em ródio branco. Peça selecionada à mão pela JS Joias Delicadas: antialérgica, resistente ao dia a dia e pronta para virar sua favorita.;https://jubssaez-art.github.io/js-joias-delicadas/imagens/colar%20prata%20medalhas%20e%20cristais.png;https://jubssaez-art.github.io/js-joias-delicadas/produto.html?id=auto-colar-prata-medalhas-e-cristais;JS Joias Delicadas;Ródio Branco
auto-colar-prata-medalhas-estrela;Colar Prata Medalhas Estrela;Colares;156,90;194,90;sim;Colar Prata Medalhas Estrela com acabamento em ródio branco. Peça selecionada à mão pela JS Joias Delicadas: antialérgica, resistente ao dia a dia e pronta para virar sua favorita.;https://jubssaez-art.github.io/js-joias-delicadas/imagens/colar%20prata%20medalhas%20estrela.png;https://jubssaez-art.github.io/js-joias-delicadas/produto.html?id=auto-colar-prata-medalhas-estrela;JS Joias Delicadas;Ródio Branco
auto-colar-prata-pedras-coloridas;Colar Prata Pedras Coloridas;Colares;151,90;188,90;sim;Colar Prata Pedras Coloridas com acabamento em ródio branco. Peça selecionada à mão pela JS Joias Delicadas: antialérgica, resistente ao dia a dia e pronta para virar sua favorita.;https://jubssaez-art.github.io/js-joias-delicadas/imagens/colar%20prata%20pedras%20coloridas.png;https://jubssaez-art.github.io/js-joias-delicadas/produto.html?id=auto-colar-prata-pedras-coloridas;JS Joias Delicadas;Ródio Branco
auto-conjunto-prata-arvore-da-vida;Conjunto Prata Árvore da Vida;Conjuntos;196,90;244,90;sim;Conjunto Prata Árvore da Vida com acabamento em ródio branco. Peça selecionada à mão pela JS Joias Delicadas: antialérgica, resistente ao dia a dia e pronta para virar sua favorita.;https://jubssaez-art.github.io/js-joias-delicadas/imagens/conjunto%20prata%20%C3%A1rvore%20da%20vida.png;https://jubssaez-art.github.io/js-joias-delicadas/produto.html?id=auto-conjunto-prata-arvore-da-vida;JS Joias Delicadas;Ródio Branco
auto-conjunto-prata-pedra-rosa;Conjunto Prata Pedra Rosa;Conjuntos;200,90;249,90;sim;Conjunto Prata Pedra Rosa com acabamento em ródio branco. Peça selecionada à mão pela JS Joias Delicadas: antialérgica, resistente ao dia a dia e pronta para virar sua favorita.;https://jubssaez-art.github.io/js-joias-delicadas/imagens/conjunto%20prata%20pedra%20rosa.png;https://jubssaez-art.github.io/js-joias-delicadas/produto.html?id=auto-conjunto-prata-pedra-rosa;JS Joias Delicadas;Ródio Branco
auto-piercing-dourado-pedras-coloridas;Piercing Dourado Pedras Coloridas;Brincos;117,90;146,90;sim;Piercing Dourado Pedras Coloridas com acabamento em ouro 18k. Peça selecionada à mão pela JS Joias Delicadas: antialérgica, resistente ao dia a dia e pronta para virar sua favorita.;https://jubssaez-art.github.io/js-joias-delicadas/imagens/piercing%20dourado%20pedras%20coloridas.png;https://jubssaez-art.github.io/js-joias-delicadas/produto.html?id=auto-piercing-dourado-pedras-coloridas;JS Joias Delicadas;Ouro 18k
auto-pulseira-dourada-cristais-ovais;Pulseira Dourada Cristais Ovais;Pulseiras;143,90;178,90;sim;Pulseira Dourada Cristais Ovais com acabamento em ouro 18k. Peça selecionada à mão pela JS Joias Delicadas: antialérgica, resistente ao dia a dia e pronta para virar sua favorita.;https://jubssaez-art.github.io/js-joias-delicadas/imagens/pulseira%20dourada%20cristais%20ovais.png;https://jubssaez-art.github.io/js-joias-delicadas/produto.html?id=auto-pulseira-dourada-cristais-ovais;JS Joias Delicadas;Ouro 18k
auto-pulseira-dourada-elos-com-ponto-de-luz;Pulseira Dourada Elos com Ponto de Luz;Pulseiras;143,90;178,90;sim;Pulseira Dourada Elos com Ponto de Luz com acabamento em ouro 18k. Peça selecionada à mão pela JS Joias Delicadas: antialérgica, resistente ao dia a dia e pronta para virar sua favorita.;https://jubssaez-art.github.io/js-joias-delicadas/imagens/pulseira%20dourada%20elos%20com%20ponto%20de%20luz.png;https://jubssaez-art.github.io/js-joias-delicadas/produto.html?id=auto-pulseira-dourada-elos-com-ponto-de-luz;JS Joias Delicadas;Ouro 18k
auto-pulseira-dourada-gotas-de-cristal;Pulseira Dourada Gotas de Cristal;Pulseiras;153,90;190,90;sim;Pulseira Dourada Gotas de Cristal com acabamento em ouro 18k. Peça selecionada à mão pela JS Joias Delicadas: antialérgica, resistente ao dia a dia e pronta para virar sua favorita.;https://jubssaez-art.github.io/js-joias-delicadas/imagens/pulseira%20dourada%20gotas%20de%20cristal.png;https://jubssaez-art.github.io/js-joias-delicadas/produto.html?id=auto-pulseira-dourada-gotas-de-cristal;JS Joias Delicadas;Ouro 18k
auto-pulseira-dourada-medalhas-e-navetes;Pulseira Dourada Medalhas e Navetes;Pulseiras;153,90;190,90;sim;Pulseira Dourada Medalhas e Navetes com acabamento em ouro 18k. Peça selecionada à mão pela JS Joias Delicadas: antialérgica, resistente ao dia a dia e pronta para virar sua favorita.;https://jubssaez-art.github.io/js-joias-delicadas/imagens/pulseira%20dourada%20medalhas%20e%20navetes.png;https://jubssaez-art.github.io/js-joias-delicadas/produto.html?id=auto-pulseira-dourada-medalhas-e-navetes;JS Joias Delicadas;Ouro 18k
auto-pulseira-dourada-medalhas-lisas;Pulseira Dourada Medalhas Lisas;Pulseiras;127,90;158,90;sim;Pulseira Dourada Medalhas Lisas com acabamento em ouro 18k. Peça selecionada à mão pela JS Joias Delicadas: antialérgica, resistente ao dia a dia e pronta para virar sua favorita.;https://jubssaez-art.github.io/js-joias-delicadas/imagens/pulseira%20dourada%20medalhas%20lisas.png;https://jubssaez-art.github.io/js-joias-delicadas/produto.html?id=auto-pulseira-dourada-medalhas-lisas;JS Joias Delicadas;Ouro 18k
auto-pulseira-dourada-medalhas-marteladas;Pulseira Dourada Medalhas Marteladas;Pulseiras;139,90;173,90;sim;Pulseira Dourada Medalhas Marteladas com acabamento em ouro 18k. Peça selecionada à mão pela JS Joias Delicadas: antialérgica, resistente ao dia a dia e pronta para virar sua favorita.;https://jubssaez-art.github.io/js-joias-delicadas/imagens/pulseira%20dourada%20medalhas%20marteladas.png;https://jubssaez-art.github.io/js-joias-delicadas/produto.html?id=auto-pulseira-dourada-medalhas-marteladas;JS Joias Delicadas;Ouro 18k
auto-pulseira-dourada-perolas-com-borboleta;Pulseira Dourada Pérolas com Borboleta;Pulseiras;148,90;184,90;sim;Pulseira Dourada Pérolas com Borboleta com acabamento em ouro 18k. Peça selecionada à mão pela JS Joias Delicadas: antialérgica, resistente ao dia a dia e pronta para virar sua favorita.;https://jubssaez-art.github.io/js-joias-delicadas/imagens/pulseira%20dourada%20p%C3%A9rolas%20com%20borboleta.png;https://jubssaez-art.github.io/js-joias-delicadas/produto.html?id=auto-pulseira-dourada-perolas-com-borboleta;JS Joias Delicadas;Ouro 18k
auto-pulseira-dourada-riviera-vermelha;Pulseira Dourada Riviera Vermelha;Pulseiras;154,90;192,90;sim;Pulseira Dourada Riviera Vermelha com acabamento em ouro 18k. Peça selecionada à mão pela JS Joias Delicadas: antialérgica, resistente ao dia a dia e pronta para virar sua favorita.;https://jubssaez-art.github.io/js-joias-delicadas/imagens/pulseira%20dourada%20riviera%20vermelha.png;https://jubssaez-art.github.io/js-joias-delicadas/produto.html?id=auto-pulseira-dourada-riviera-vermelha;JS Joias Delicadas;Ouro 18k
auto-pulseira-prata-cristais-baguete;Pulseira Prata Cristais Baguete;Pulseiras;139,90;173,90;sim;Pulseira Prata Cristais Baguete com acabamento em ródio branco. Peça selecionada à mão pela JS Joias Delicadas: antialérgica, resistente ao dia a dia e pronta para virar sua favorita.;https://jubssaez-art.github.io/js-joias-delicadas/imagens/pulseira%20prata%20cristais%20baguete.png;https://jubssaez-art.github.io/js-joias-delicadas/produto.html?id=auto-pulseira-prata-cristais-baguete;JS Joias Delicadas;Ródio Branco
auto-pulseira-prata-elos-com-bolinhas;Pulseira Prata Elos com Bolinhas;Pulseiras;117,90;146,90;sim;Pulseira Prata Elos com Bolinhas com acabamento em ródio branco. Peça selecionada à mão pela JS Joias Delicadas: antialérgica, resistente ao dia a dia e pronta para virar sua favorita.;https://jubssaez-art.github.io/js-joias-delicadas/imagens/pulseira%20prata%20elos%20com%20bolinhas%20(kids).png;https://jubssaez-art.github.io/js-joias-delicadas/produto.html?id=auto-pulseira-prata-elos-com-bolinhas;JS Joias Delicadas;Ródio Branco
auto-pulseira-prata-elos-com-coracoes;Pulseira Prata Elos com Corações;Pulseiras;135,90;168,90;sim;Pulseira Prata Elos com Corações com acabamento em ródio branco. Peça selecionada à mão pela JS Joias Delicadas: antialérgica, resistente ao dia a dia e pronta para virar sua favorita.;https://jubssaez-art.github.io/js-joias-delicadas/imagens/pulseira%20prata%20elos%20com%20cora%C3%A7%C3%B5es.png;https://jubssaez-art.github.io/js-joias-delicadas/produto.html?id=auto-pulseira-prata-elos-com-coracoes;JS Joias Delicadas;Ródio Branco
auto-pulseira-prata-elos-losango;Pulseira Prata Elos Losango;Pulseiras;134,90;167,90;sim;Pulseira Prata Elos Losango com acabamento em ródio branco. Peça selecionada à mão pela JS Joias Delicadas: antialérgica, resistente ao dia a dia e pronta para virar sua favorita.;https://jubssaez-art.github.io/js-joias-delicadas/imagens/pulseira%20prata%20elos%20losango.png;https://jubssaez-art.github.io/js-joias-delicadas/produto.html?id=auto-pulseira-prata-elos-losango;JS Joias Delicadas;Ródio Branco
auto-pulseira-prata-elos-ovais;Pulseira Prata Elos Ovais;Pulseiras;127,90;158,90;sim;Pulseira Prata Elos Ovais com acabamento em ródio branco. Peça selecionada à mão pela JS Joias Delicadas: antialérgica, resistente ao dia a dia e pronta para virar sua favorita.;https://jubssaez-art.github.io/js-joias-delicadas/imagens/pulseira%20prata%20elos%20ovais.png;https://jubssaez-art.github.io/js-joias-delicadas/produto.html?id=auto-pulseira-prata-elos-ovais;JS Joias Delicadas;Ródio Branco
auto-pulseira-prata-gotas-rosa;Pulseira Prata Gotas Rosa;Pulseiras;129,90;161,90;sim;Pulseira Prata Gotas Rosa com acabamento em ródio branco. Peça selecionada à mão pela JS Joias Delicadas: antialérgica, resistente ao dia a dia e pronta para virar sua favorita.;https://jubssaez-art.github.io/js-joias-delicadas/imagens/pulseira%20prata%20gotas%20rosa.png;https://jubssaez-art.github.io/js-joias-delicadas/produto.html?id=auto-pulseira-prata-gotas-rosa;JS Joias Delicadas;Ródio Branco
auto-pulseira-prata-grega;Pulseira Prata Grega;Pulseiras;125,90;156,90;sim;Pulseira Prata Grega com acabamento em ródio branco. Peça selecionada à mão pela JS Joias Delicadas: antialérgica, resistente ao dia a dia e pronta para virar sua favorita.;https://jubssaez-art.github.io/js-joias-delicadas/imagens/pulseira%20prata%20grega.png;https://jubssaez-art.github.io/js-joias-delicadas/produto.html?id=auto-pulseira-prata-grega;JS Joias Delicadas;Ródio Branco
auto-pulseira-prata-riviera-vermelha;Pulseira Prata Riviera Vermelha;Pulseiras;137,90;170,90;sim;Pulseira Prata Riviera Vermelha com acabamento em ródio branco. Peça selecionada à mão pela JS Joias Delicadas: antialérgica, resistente ao dia a dia e pronta para virar sua favorita.;https://jubssaez-art.github.io/js-joias-delicadas/imagens/pulseira%20prata%20riviera%20vermelha.png;https://jubssaez-art.github.io/js-joias-delicadas/produto.html?id=auto-pulseira-prata-riviera-vermelha;JS Joias Delicadas;Ródio Branco
1;Brinco Madrepérola Cravejado;Brincos;75,90;110,00;nao;Um clássico repaginado: madrepérola facetada em moldura de zircônias cravejadas à mão, com banho de ouro 18k. Brilho suave que acompanha do dia ao evento.;https://jubssaez-art.github.io/js-joias-delicadas/imagens/brinco-01.png;https://jubssaez-art.github.io/js-joias-delicadas/produto.html?id=1;JS Joias Delicadas;Ouro 18k
2;Brinco Nó de Prata;Brincos;67,90;79,90;nao;Design escultural em formato de nó, com banho de ródio branco e acabamento espelhado. Uma peça statement para quem ama prata.;https://jubssaez-art.github.io/js-joias-delicadas/imagens/brinco-02.png;https://jubssaez-art.github.io/js-joias-delicadas/produto.html?id=2;JS Joias Delicadas;Ródio Branco
3;Brinco Coração Zircônia & Pérola;Brincos;84,90;99,90;nao;Coração de zircônia lapidada com pérola em formato de coração pendente. Romântico, delicado e cheio de movimento.;https://jubssaez-art.github.io/js-joias-delicadas/imagens/brinco-03.png;https://jubssaez-art.github.io/js-joias-delicadas/produto.html?id=3;JS Joias Delicadas;Ródio Branco
4;Argola Máxi Dourada;Brincos;59,90;69,90;nao;A argola máxi que não pode faltar: leve, fina e com fecho seguro. Banho de ouro 18k de alta durabilidade.;https://jubssaez-art.github.io/js-joias-delicadas/imagens/brinco-04.png;https://jubssaez-art.github.io/js-joias-delicadas/produto.html?id=4;JS Joias Delicadas;Ouro 18k
5;Anel Halo Rosa Pink;Anéis;92,90;109,90;nao;Zircônia rosa pink cercada por um halo cravejado. Banho de ródio branco antialérgico com brilho intenso.;https://jubssaez-art.github.io/js-joias-delicadas/imagens/anel-01.png;https://jubssaez-art.github.io/js-joias-delicadas/produto.html?id=5;JS Joias Delicadas;Ródio Branco
6;Brinco Ponto de Luz Dourado;Brincos;84,90;99,90;nao;Ponto de luz clássico: zircônia redonda em lapidação brilhante com moldura texturizada e banho de ouro 18k. Combina com qualquer produção.;https://jubssaez-art.github.io/js-joias-delicadas/imagens/brinco-09.png;https://jubssaez-art.github.io/js-joias-delicadas/produto.html?id=6;JS Joias Delicadas;Ouro 18k
7;Brinco Quadrado Cravejado;Brincos;71,90;84,90;nao;Quadradinho cravejado com micro zircônias, discreto e luminoso. O ponto de luz perfeito para o dia a dia.;https://jubssaez-art.github.io/js-joias-delicadas/imagens/brinco-05.png;https://jubssaez-art.github.io/js-joias-delicadas/produto.html?id=7;JS Joias Delicadas;Ouro 18k
8;Brinco Pedra Verde Facetada;Brincos;67,90;79,90;nao;Pedra verde facetada em tom opalescente com moldura dourada. Cor e sofisticação em uma peça só.;https://jubssaez-art.github.io/js-joias-delicadas/imagens/brinco-06.png;https://jubssaez-art.github.io/js-joias-delicadas/produto.html?id=8;JS Joias Delicadas;Ouro 18k
9;Brinco Esmeralda Delicado;Brincos;75,90;89,90;nao;Mini marquise de zircônia esmeralda com detalhe em ponto de luz. Delicadeza para quem ama joias minimalistas.;https://jubssaez-art.github.io/js-joias-delicadas/imagens/brinco-07.png;https://jubssaez-art.github.io/js-joias-delicadas/produto.html?id=9;JS Joias Delicadas;Ouro 18k
10;Kit 3 Argolinhas Cravejadas;Brincos;109,90;129,90;nao;Trio de argolinhas huggie cravejadas em micro zircônias. Use juntas ou separadas — combinam com tudo.;https://jubssaez-art.github.io/js-joias-delicadas/imagens/brinco-08.png;https://jubssaez-art.github.io/js-joias-delicadas/produto.html?id=10;JS Joias Delicadas;Ouro 18k
11;Pulseira Corrente Bolinhas;Pulseiras;101,90;119,90;nao;Corrente bolinha com berloques ovais diamantados. Movimento e brilho a cada passo.;https://jubssaez-art.github.io/js-joias-delicadas/imagens/pulseira-03.png;https://jubssaez-art.github.io/js-joias-delicadas/produto.html?id=11;JS Joias Delicadas;Ouro 18k
12;Pulseira Borboletas de Pérola;Pulseiras;80,90;95,90;nao;Borboletas de madrepérola sobre corrente dourada com esferas facetadas. Feminina e cheia de significado.;https://jubssaez-art.github.io/js-joias-delicadas/imagens/pulseira-01.png;https://jubssaez-art.github.io/js-joias-delicadas/produto.html?id=12;JS Joias Delicadas;Ouro 18k
13;Pulseira Corações Dourados;Pulseiras;75,90;105,00;nao;Corações lisos em acabamento acetinado sobre corrente cartier. Um mimo delicado para o pulso.;https://jubssaez-art.github.io/js-joias-delicadas/imagens/pulseira-02.png;https://jubssaez-art.github.io/js-joias-delicadas/produto.html?id=13;JS Joias Delicadas;Ouro 18k
14;Pulseira Elos de Coração;Pulseiras;109,90;129,90;nao;Elos entrelaçados com corações em alto relevo e banho de ródio branco. Presença e delicadeza na mesma pulseira.;https://jubssaez-art.github.io/js-joias-delicadas/imagens/pulseira-04.png;https://jubssaez-art.github.io/js-joias-delicadas/produto.html?id=14;JS Joias Delicadas;Ródio Branco
15;Pulseira Pérolas Barrocas;Pulseiras;118,90;139,90;nao;Pérolas barrocas e esferas de prata alternadas em corrente delicada. Elegância orgânica, peça única.;https://jubssaez-art.github.io/js-joias-delicadas/imagens/pulseira-05.png;https://jubssaez-art.github.io/js-joias-delicadas/produto.html?id=15;JS Joias Delicadas;Ródio Branco
16;Pulseira Berloques de Prata;Pulseiras;92,90;109,90;nao;Corrente dupla com berloques ovais espelhados. Minimalista, moderna e fácil de amar.;https://jubssaez-art.github.io/js-joias-delicadas/imagens/pulseira-06.png;https://jubssaez-art.github.io/js-joias-delicadas/produto.html?id=16;JS Joias Delicadas;Ródio Branco
